{
  "active_strategies": [
    "sifi_btc",
    "sifi_eth",
    "sifi_xrp",
    "sifi_doge",
    "sifi_shib",
    "sifi_trump"
  ],
  "strategies": {
    "sma_crossover": {
      "enabled": false,
      "parameters": {
        "fast_period": 10,
        "slow_period": 30,
        "symbol": "BTC/USDT"
      },
      "risk_settings": {
        "position_size": 100,
        "stop_loss_pct": 2.0,
        "take_profit_pct": 5.0
      }
    },
    "rsi_bb": {
      "enabled": false,
      "parameters": {
        "rsi_period": 14,
        "rsi_overbought": 70,
        "rsi_oversold": 30,
        "bb_period": 20,
        "bb_std": 2,
        "symbol": "ETH/USDT"
      },
      "risk_settings": {
        "position_size": 100,
        "stop_loss_pct": 2.0,
        "take_profit_pct": 5.0
      }
    },
    "macd": {
      "enabled": false,
      "parameters": {
        "fast_period": 12,
        "slow_period": 26,
        "signal_period": 9,
        "symbol": "BTC/USDT"
      },
      "risk_settings": {
        "position_size": 100,
        "stop_loss_pct": 2.0,
        "take_profit_pct": 5.0
      }
    },
    "ema": {
      "enabled": false,
      "parameters": {
        "short_period": 9,
        "medium_period": 21,
        "long_period": 50,
        "symbol": "ETH/USDT"
      },
      "risk_settings": {
        "position_size": 100,
        "stop_loss_pct": 2.0,
        "take_profit_pct": 5.0
      }
    },
    "vg_extreme_range": {
      "enabled": false,
      "parameters": {
        "range_lookback": 50,
        "ema_period": 20,
        "symbol": "BTC/USDT"
      },
      "risk_settings": {
        "position_size": 100,
        "stop_loss_pct": 2.0,
        "take_profit_pct": 5.0
      }
    },
    "vg_eth": {
      "enabled": false,
      "parameters": {
        "range_lookback": 50,
        "ema_period": 20,
        "symbol": "ETH/USDT"
      },
      "risk_settings": {
        "position_size": 100,
        "stop_loss_pct": 2.0,
        "take_profit_pct": 5.0
      }
    },
    "vg_sol": {
      "enabled": false,
      "parameters": {
        "range_lookback": 50,
        "ema_period": 20,
        "symbol": "SOL/USDT"
      },
      "risk_settings": {
        "position_size": 100,
        "stop_loss_pct": 2.0,
        "take_profit_pct": 5.0
      }
    },
    "vg_crypto_btc": {
      "enabled": true,
      "parameters": {
        "symbol": "BTC/USDT",
        "session_lookback": 96,
        "ema_period": 20,
        "cooldown_candles": 8,
        "volatility_threshold": 0.10
      },
      "risk_settings": {
        "position_size": 100,
        "stop_loss_pct": 0.75,
        "take_profit_pct": 5.0
      }
    },
    "vg_crypto_eth": {
      "enabled": true,
      "parameters": {
        "symbol": "ETH/USDT",
        "session_lookback": 96,
        "ema_period": 20,
        "cooldown_candles": 8,
        "volatility_threshold": 0.10
      },
      "risk_settings": {
        "position_size": 100,
        "stop_loss_pct": 0.75,
        "take_profit_pct": 5.0
      }
    },
    "vg_crypto_xrp": {
      "enabled": true,
      "parameters": {
        "symbol": "XRP/USDT",
        "session_lookback": 96,
        "ema_period": 20,
        "cooldown_candles": 8,
        "volatility_threshold": 0.10
      },
      "risk_settings": {
        "position_size": 100,
        "stop_loss_pct": 0.50,
        "take_profit_pct": 5.0
      }
    },
    "vg_crypto_doge": {
      "enabled": true,
      "parameters": {
        "symbol": "DOGE/USDT",
        "session_lookback": 96,
        "ema_period": 20,
        "cooldown_candles": 8,
        "volatility_threshold": 0.10
      },
      "risk_settings": {
        "position_size": 100,
        "stop_loss_pct": 0.30,
        "take_profit_pct": 5.0
      }
    },
    "vg_crypto_shib": {
      "enabled": true,
      "parameters": {
        "symbol": "SHIB/USDT",
        "session_lookback": 96,
        "ema_period": 20,
        "cooldown_candles": 8,
        "volatility_threshold": 0.10
      },
      "risk_settings": {
        "position_size": 100,
        "stop_loss_pct": 0.20,
        "take_profit_pct": 5.0
      }
    },
    "vg_crypto_trump": {
      "enabled": true,
      "parameters": {
        "symbol": "TRUMP/USDT",
        "session_lookback": 96,
        "ema_period": 20,
        "cooldown_candles": 8,
        "volatility_threshold": 0.10
      },
      "risk_settings": {
        "position_size": 100,
        "stop_loss_pct": 0.10,
        "take_profit_pct": 5.0
      }
    },
    "sifi_btc": {
      "enabled": true,
      "parameters": {
        "symbol": "BTC/USDT",
        "timezone": "US/Eastern",
        "killzone_start": "02:00",
        "killzone_end": "12:00",
        "allowed_days": ["tuesday", "wednesday", "thursday"],
        "max_trades_per_day": 3,
        "max_trades_per_pair_per_day": 1,
        "distance_from_line_pct": 0.35,
        "adr_low_pct": 0.70,
        "adr_high_pct": 0.85,
        "checkpoints": [8, 16, 20],
        "disable_after_losses": 2
      },
      "risk_settings": {
        "position_size": 10.0
      }
    },
    "sifi_eth": {
      "enabled": true,
      "parameters": {
        "symbol": "ETH/USDT",
        "timezone": "US/Eastern",
        "killzone_start": "02:00",
        "killzone_end": "12:00",
        "allowed_days": ["tuesday", "wednesday", "thursday"],
        "max_trades_per_day": 3,
        "max_trades_per_pair_per_day": 1,
        "distance_from_line_pct": 0.35,
        "adr_low_pct": 0.70,
        "adr_high_pct": 0.85,
        "checkpoints": [8, 16, 20],
        "disable_after_losses": 2
      },
      "risk_settings": {
        "position_size": 10.0
      }
    },
    "sifi_xrp": {
      "enabled": true,
      "parameters": {
        "symbol": "XRP/USDT",
        "timezone": "US/Eastern",
        "killzone_start": "02:00",
        "killzone_end": "12:00",
        "allowed_days": ["tuesday", "wednesday", "thursday"],
        "max_trades_per_day": 3,
        "max_trades_per_pair_per_day": 1,
        "distance_from_line_pct": 0.35,
        "adr_low_pct": 0.70,
        "adr_high_pct": 0.85,
        "checkpoints": [8, 16, 20],
        "disable_after_losses": 2
      },
      "risk_settings": {
        "position_size": 10.0
      }
    },
    "sifi_doge": {
      "enabled": true,
      "parameters": {
        "symbol": "DOGE/USDT",
        "timezone": "US/Eastern",
        "killzone_start": "02:00",
        "killzone_end": "12:00",
        "allowed_days": ["tuesday", "wednesday", "thursday"],
        "max_trades_per_day": 3,
        "max_trades_per_pair_per_day": 1,
        "distance_from_line_pct": 0.35,
        "adr_low_pct": 0.70,
        "adr_high_pct": 0.85,
        "checkpoints": [8, 16, 20],
        "disable_after_losses": 2
      },
      "risk_settings": {
        "position_size": 10.0
      }
    },
    "sifi_shib": {
      "enabled": true,
      "parameters": {
        "symbol": "SHIB/USDT",
        "timezone": "US/Eastern",
        "killzone_start": "02:00",
        "killzone_end": "12:00",
        "allowed_days": ["tuesday", "wednesday", "thursday"],
        "max_trades_per_day": 3,
        "max_trades_per_pair_per_day": 1,
        "distance_from_line_pct": 0.35,
        "adr_low_pct": 0.70,
        "adr_high_pct": 0.85,
        "checkpoints": [8, 16, 20],
        "disable_after_losses": 2
      },
      "risk_settings": {
        "position_size": 10.0
      }
    },
    "sifi_trump": {
      "enabled": true,
      "parameters": {
        "symbol": "TRUMP/USDT",
        "timezone": "US/Eastern",
        "killzone_start": "02:00",
        "killzone_end": "12:00",
        "allowed_days": ["tuesday", "wednesday", "thursday"],
        "max_trades_per_day": 3,
        "max_trades_per_pair_per_day": 1,
        "distance_from_line_pct": 0.35,
        "adr_low_pct": 0.70,
        "adr_high_pct": 0.85,
        "checkpoints": [8, 16, 20],
        "disable_after_losses": 2
      },
      "risk_settings": {
        "position_size": 10.0
      }
    }
  },
  "backtest_settings": {
    "initial_capital": 10000,
    "start_date": "2023-01-01",
    "end_date": "2024-01-01",
    "commission": 0.001
  }
}
